Name;Größe;Vorname;Nachname;Downloads;Datum;Pfad
analysis-fingeruebung1.pdf;246215;Ivan;Shestakov;246;"17.10.2019 14:12";Fingerübungen/analysis-fingeruebung1.pdf
analysis-fingeruebung10.pdf;264309;Ivan;Shestakov;50;"09.01.2020 15:12";Fingerübungen/analysis-fingeruebung10.pdf
analysis-fingeruebung11.pdf;263128;Ivan;Shestakov;70;"17.01.2020 09:59";Fingerübungen/analysis-fingeruebung11.pdf
analysis-fingeruebung12.pdf;259557;Ivan;Shestakov;59;"24.01.2020 08:53";Fingerübungen/analysis-fingeruebung12.pdf
analysis-fingeruebung2.pdf;259736;Ivan;Shestakov;199;"24.10.2019 16:10";Fingerübungen/analysis-fingeruebung2.pdf
analysis-fingeruebung3.pdf;254256;Ivan;Shestakov;189;"30.10.2019 14:12";Fingerübungen/analysis-fingeruebung3.pdf
analysis-fingeruebung4.pdf;256075;Ivan;Shestakov;133;"07.11.2019 17:22";Fingerübungen/analysis-fingeruebung4.pdf
analysis-fingeruebung5.pdf;277290;Ivan;Shestakov;79;"14.11.2019 16:01";Fingerübungen/analysis-fingeruebung5.pdf
analysis-fingeruebung6.pdf;260663;Ivan;Shestakov;80;"21.11.2019 15:16";Fingerübungen/analysis-fingeruebung6.pdf
analysis-fingeruebung7.pdf;252185;Ivan;Shestakov;69;"05.12.2019 15:10";Fingerübungen/analysis-fingeruebung7.pdf
analysis-fingeruebung8.pdf;246903;Ivan;Shestakov;56;"12.12.2019 14:33";Fingerübungen/analysis-fingeruebung8.pdf
analysis-fingeruebung9.pdf;267984;Ivan;Shestakov;61;"20.12.2019 12:18";Fingerübungen/analysis-fingeruebung9.pdf
analysis-lsg-fingeruebung1.pdf;251401;Ivan;Shestakov;252;"18.10.2019 16:39";Fingerübungen/analysis-lsg-fingeruebung1.pdf
analysis-lsg-fingeruebung10.pdf;301612;Ivan;Shestakov;65;"09.01.2020 15:12";Fingerübungen/analysis-lsg-fingeruebung10.pdf
analysis-lsg-fingeruebung11.pdf;289693;Ivan;Shestakov;71;"24.01.2020 13:34";Fingerübungen/analysis-lsg-fingeruebung11.pdf
analysis-lsg-fingeruebung12.pdf;295979;Ivan;Shestakov;55;"24.01.2020 13:35";Fingerübungen/analysis-lsg-fingeruebung12.pdf
analysis-lsg-fingeruebung2.pdf;273132;Ivan;Shestakov;221;"24.10.2019 16:10";Fingerübungen/analysis-lsg-fingeruebung2.pdf
analysis-lsg-fingeruebung3.pdf;264226;Ivan;Shestakov;195;"30.10.2019 14:13";Fingerübungen/analysis-lsg-fingeruebung3.pdf
analysis-lsg-fingeruebung4.pdf;278785;Ivan;Shestakov;139;"07.11.2019 17:23";Fingerübungen/analysis-lsg-fingeruebung4.pdf
analysis-lsg-fingeruebung5.pdf;287484;Ivan;Shestakov;59;"14.11.2019 16:01";Fingerübungen/analysis-lsg-fingeruebung5.pdf
analysis-lsg-fingeruebung6.pdf;280634;Ivan;Shestakov;70;"21.11.2019 15:16";Fingerübungen/analysis-lsg-fingeruebung6.pdf
analysis-lsg-fingeruebung7.pdf;276880;Ivan;Shestakov;58;"05.12.2019 15:11";Fingerübungen/analysis-lsg-fingeruebung7.pdf
analysis-lsg-fingeruebung8.pdf;269111;Ivan;Shestakov;44;"12.12.2019 14:34";Fingerübungen/analysis-lsg-fingeruebung8.pdf
analysis-lsg-fingeruebung9.pdf;288606;Ivan;Shestakov;50;"20.12.2019 12:19";Fingerübungen/analysis-lsg-fingeruebung9.pdf
"01 Mengen.pdf";75754;Ivan;Shestakov;385;"18.10.2019 16:40";"Folien/01 Mengen.pdf"
"02 Abbildungen.pdf";73488;Ivan;Shestakov;368;"18.10.2019 16:40";"Folien/02 Abbildungen.pdf"
"03 Koerper- und Anordnungsaxiome.pdf";91724;Ivan;Shestakov;684;"24.10.2019 11:36";"Folien/03 Koerper- und Anordnungsaxiome.pdf"
"04 Induktion.pdf";100562;Ivan;Shestakov;347;"25.10.2019 13:37";"Folien/04 Induktion.pdf"
"05 Kombinatorik.pdf";92860;Ivan;Shestakov;411;"30.10.2019 14:14";"Folien/05 Kombinatorik.pdf"
"06 Mengenvergleiche.pdf";66445;Ivan;Shestakov;214;"15.11.2019 12:09";"Folien/06 Mengenvergleiche.pdf"
"07 Infimum, Supremum.pdf";74045;Ivan;Shestakov;483;"01.11.2019 13:36";"Folien/07 Infimum, Supremum.pdf"
"08 Rationale Potenzen.pdf";96348;Ivan;Shestakov;357;"07.11.2019 17:24";"Folien/08 Rationale Potenzen.pdf"
"09 Komplexe Zahlen.pdf";88130;Ivan;Shestakov;390;"07.11.2019 17:24";"Folien/09 Komplexe Zahlen.pdf"
"10 Konvergenz von Folgen.pdf";114527;Ivan;Shestakov;642;"14.11.2019 16:02";"Folien/10 Konvergenz von Folgen.pdf"
"11 Konvergenz von Folgen (Fortsetzung).pdf";82437;Ivan;Shestakov;589;"15.11.2019 12:09";"Folien/11 Konvergenz von Folgen (Fortsetzung).pdf"
"12 Konvergenz und Vollstaendigkeit.pdf";103246;Ivan;Shestakov;504;"21.11.2019 15:17";"Folien/12 Konvergenz und Vollstaendigkeit.pdf"
"13 Unendliche Reihen.pdf";88439;Ivan;Shestakov;338;"28.11.2019 15:05";"Folien/13 Unendliche Reihen.pdf"
"14 Konvergenzkriterien fuer Reihen.pdf";108036;Ivan;Shestakov;524;"28.11.2019 15:05";"Folien/14 Konvergenzkriterien fuer Reihen.pdf"
"15 Umordnung von Reihen, Cauchy-Produkt.pdf";86831;Ivan;Shestakov;316;"05.12.2019 15:11";"Folien/15 Umordnung von Reihen, Cauchy-Produkt.pdf"
"16 Potenzreihen.pdf";100664;Ivan;Shestakov;385;"05.12.2019 15:12";"Folien/16 Potenzreihen.pdf"
"17 Grenzwerte von Funktionen.pdf";103366;Ivan;Shestakov;338;"12.12.2019 14:34";"Folien/17 Grenzwerte von Funktionen.pdf"
"18 Stetigkeit.pdf";97594;Ivan;Shestakov;430;"12.12.2019 14:35";"Folien/18 Stetigkeit.pdf"
"19 Eigenschaften stetiger Funktionen.pdf";88819;Ivan;Shestakov;381;"20.12.2019 13:13";"Folien/19 Eigenschaften stetiger Funktionen.pdf"
"20 Gleichmaessige Konvergenz.pdf";94684;Ivan;Shestakov;311;"10.01.2020 16:06";"Folien/20 Gleichmaessige Konvergenz.pdf"
"21 Differentialrechnung.pdf";124113;Ivan;Shestakov;546;"10.01.2020 16:06";"Folien/21 Differentialrechnung.pdf"
"22 Ableitungstabelle.pdf";66114;Ivan;Shestakov;261;"17.01.2020 12:05";"Folien/22 Ableitungstabelle.pdf"
"23 Hospital.pdf";76195;Ivan;Shestakov;191;"24.01.2020 08:54";"Folien/23 Hospital.pdf"
"24 Taylorsche Formel.pdf";136992;Ivan;Shestakov;212;"24.01.2020 13:36";"Folien/24 Taylorsche Formel.pdf"
"25 Trigonometrische Funktionen.pdf";114291;Ivan;Shestakov;188;"31.01.2020 14:01";"Folien/25 Trigonometrische Funktionen.pdf"
Themen_Analysis_I.pdf;118140;Ivan;Shestakov;172;"31.01.2020 15:08";Hinweise/Themen_Analysis_I.pdf
"Vorbemerkungen AnaI, WS2019.pdf";39179;Ivan;Shestakov;515;"14.10.2019 15:01";"Hinweise/Vorbemerkungen AnaI, WS2019.pdf"
Analysis_I,_Skript_1_Shestakov.pdf;7808248;Ivan;Shestakov;252;"27.11.2019 13:38";Skript/Analysis_I,_Skript_1_Shestakov.pdf
Analysis_I,_Skript_2_Shestakov.pdf;6676503;Ivan;Shestakov;230;"27.11.2019 13:38";Skript/Analysis_I,_Skript_2_Shestakov.pdf
"Skript, Teil 3,Unendliche Reihen.pdf";11062630;Ivan;Shestakov;130;"20.12.2019 15:44";"Skript/Skript, Teil 3,Unendliche Reihen.pdf"
"Skript, Teil 4,Stetigkeit.pdf";12579010;Ivan;Shestakov;172;"20.12.2019 15:44";"Skript/Skript, Teil 4,Stetigkeit.pdf"
"Skript, Teil 5,Differentialrechnung.pdf";16568495;Ivan;Shestakov;86;"06.02.2020 09:12";"Skript/Skript, Teil 5,Differentialrechnung.pdf"
KlausurAna1WS18.pdf;133982;Ivan;Shestakov;398;"31.01.2020 14:04";"Tests und Klausuren/KlausurAna1WS18.pdf"
KlausurAna1WS19.pdf;111069;Ivan;Shestakov;101;"13.03.2020 20:16";"Tests und Klausuren/KlausurAna1WS19.pdf"
"Test 1 Ana1 WS19 Loesung.pdf";136835;Ivan;Shestakov;223;"29.11.2019 13:15";"Tests und Klausuren/Test 1 Ana1 WS19 Loesung.pdf"
"Test 1 Ana1 WS19.pdf";93449;Ivan;Shestakov;230;"28.11.2019 15:06";"Tests und Klausuren/Test 1 Ana1 WS19.pdf"
"Test 2 Ana1 WS19 Loesung.pdf";202290;Ivan;Shestakov;151;"13.01.2020 13:21";"Tests und Klausuren/Test 2 Ana1 WS19 Loesung.pdf"
"Test 2 Ana1 WS19.pdf";108265;Ivan;Shestakov;143;"09.01.2020 15:12";"Tests und Klausuren/Test 2 Ana1 WS19.pdf"
"Musterloesung zum Blatt 2 Ana1 WS19.pdf";140456;Ivan;Shestakov;178;"05.11.2019 14:53";"Übungsblätter/Musterloesung zum Blatt 2 Ana1 WS19.pdf"
"Musterloesung zum Uebungsblatt 5 Ana1 WS19.pdf";143220;Ivan;Shestakov;134;"26.11.2019 16:43";"Übungsblätter/Musterloesung zum Uebungsblatt 5 Ana1 WS19.pdf"
"Uebungsblatt 1 Ana1 WS19.pdf";84170;Ivan;Shestakov;504;"17.10.2019 14:11";"Übungsblätter/Uebungsblatt 1 Ana1 WS19.pdf"
"Uebungsblatt 10 Ana1 WS19.pdf";141871;Ivan;Shestakov;314;"20.12.2019 12:17";"Übungsblätter/Uebungsblatt 10 Ana1 WS19.pdf"
"Uebungsblatt 11 Ana1 WS19.pdf";117326;Ivan;Shestakov;348;"09.01.2020 15:11";"Übungsblätter/Uebungsblatt 11 Ana1 WS19.pdf"
"Uebungsblatt 12 Ana1 WS19.pdf";131409;Ivan;Shestakov;299;"17.01.2020 09:59";"Übungsblätter/Uebungsblatt 12 Ana1 WS19.pdf"
"Uebungsblatt 13 Ana1 WS19.pdf";133113;Ivan;Shestakov;139;"24.01.2020 08:52";"Übungsblätter/Uebungsblatt 13 Ana1 WS19.pdf"
"Uebungsblatt 2 Ana1 WS19.pdf";107749;Ivan;Shestakov;498;"24.10.2019 16:09";"Übungsblätter/Uebungsblatt 2 Ana1 WS19.pdf"
"Uebungsblatt 3 Ana1 WS19.pdf";117256;Ivan;Shestakov;606;"30.10.2019 14:13";"Übungsblätter/Uebungsblatt 3 Ana1 WS19.pdf"
"Uebungsblatt 4 Ana1 WS19.pdf";106252;Ivan;Shestakov;461;"07.11.2019 17:25";"Übungsblätter/Uebungsblatt 4 Ana1 WS19.pdf"
"Uebungsblatt 5 Ana1 WS19.pdf";117920;Ivan;Shestakov;496;"14.11.2019 16:01";"Übungsblätter/Uebungsblatt 5 Ana1 WS19.pdf"
"Uebungsblatt 6 Ana1 WS19.pdf";128339;Ivan;Shestakov;454;"21.11.2019 15:15";"Übungsblätter/Uebungsblatt 6 Ana1 WS19.pdf"
"Uebungsblatt 7 Ana1 WS19.pdf";127954;Ivan;Shestakov;390;"28.11.2019 15:04";"Übungsblätter/Uebungsblatt 7 Ana1 WS19.pdf"
"Uebungsblatt 8 Ana1 WS19.pdf";133585;Ivan;Shestakov;358;"05.12.2019 15:09";"Übungsblätter/Uebungsblatt 8 Ana1 WS19.pdf"
"Uebungsblatt 9 Ana1 WS19.pdf";126396;Ivan;Shestakov;328;"12.12.2019 14:33";"Übungsblätter/Uebungsblatt 9 Ana1 WS19.pdf"
